-- Before being able to update, we need to know who to grant ownership of the
-- database views, i.e. the primary IWS user.

-- This is the 1.1.2 release script to update the database to newest state.
-- The changes makes the system incompatible with earlier versions of the IWS,
-- so let's add the information that this is the second DB version, and the IWS
-- version it is related to.
insert into versions (db_version, iws_version) values (3, '1.1.2');

-- =============================================================================
-- Group Corrections to allow monitoring
-- =============================================================================
alter table groups add column monitoring_level varchar(10) default 'NONE';
update groups set monitoring_level = 'NONE';
alter table groups add constraint group_monitoring_level check (monitoring_level is not null);

-- =============================================================================
-- Making the Board the default Administrator Group
-- =============================================================================
update groups set grouptype_id = 0 where id = 3;

-- =============================================================================
-- GroupType Corrections for mailing lists, required for our mail views, the
-- information is not mapped with our ORM, as these settings are fixed.
-- =============================================================================
alter table grouptypes add column private_list boolean;
alter table grouptypes add column public_list boolean;
update grouptypes set private_list = true,  public_list = true  where id = 0;
update grouptypes set private_list = false, public_list = true  where id = 1;
update grouptypes set private_list = true,  public_list = false where id = 2;
update grouptypes set private_list = true,  public_list = true  where id = 3;
update grouptypes set private_list = false, public_list = true  where id = 4;
update grouptypes set private_list = true,  public_list = true  where id = 5;
update grouptypes set private_list = true,  public_list = true  where id = 6;
update grouptypes set private_list = false, public_list = false where id = 7;


-- =============================================================================
-- Corrections for trac Tickets:
-- =============================================================================


-- =============================================================================
-- To ensure that the Permissions are all correct
-- =============================================================================
delete from permission_to_grouptype;
delete from permission_to_role;
delete from permissions;

-- System Control: 1xx
insert into permissions (id, permission) values (100, 'FETCH_COUNTRIES');
insert into permissions (id, permission) values (101, 'PROCESS_COUNTRY');
insert into permissions (id, permission) values (102, 'PROCESS_COMMITTEE');
insert into permissions (id, permission) values (103, 'PROCESS_INTERNATIONAL_GROUP');
insert into permissions (id, permission) values (150, 'FETCH_SURVEY_OF_COUNTRIES');
insert into permissions (id, permission) values (151, 'PROCESS_SURVEY_OF_COUNTRIES');
-- Administration: 2xx
insert into permissions (id, permission) values (200, 'CONTROL_USER_ACCOUNT');
insert into permissions (id, permission) values (201, 'FETCH_USER');
insert into permissions (id, permission) values (202, 'CHANGE_ACCOUNT_NAME');
insert into permissions (id, permission) values (210, 'PROCESS_GROUP');
insert into permissions (id, permission) values (211, 'CHANGE_GROUP_OWNER');
insert into permissions (id, permission) values (212, 'DELETE_GROUP');
insert into permissions (id, permission) values (213, 'PROCESS_USER_GROUP_ASSIGNMENT');
insert into permissions (id, permission) values (220, 'FETCH_EMERGENCY_LIST');
insert into permissions (id, permission) values (230, 'CREATE_STUDENT_ACCOUNT');
-- Storage 3xx
insert into permissions (id, permission) values (300, 'PROCESS_FILE');
insert into permissions (id, permission) values (301, 'FETCH_FILE');
-- Exchange: 4xx
insert into permissions (id, permission) values (400, 'FETCH_OFFER_STATISTICS');
insert into permissions (id, permission) values (410, 'PROCESS_EMPLOYER');
insert into permissions (id, permission) values (411, 'FETCH_EMPLOYERS');
insert into permissions (id, permission) values (412, 'PROCESS_OFFER');
insert into permissions (id, permission) values (413, 'FETCH_OFFERS');

insert into permissions (id, permission) values (414, 'FETCH_GROUPS_FOR_SHARING');
insert into permissions (id, permission) values (420, 'PROCESS_OFFER_TEMPLATES');
insert into permissions (id, permission) values (421, 'FETCH_OFFER_TEMPLATES');

insert into permissions (id, permission) values (422, 'PROCESS_PUBLISH_OFFER');
insert into permissions (id, permission) values (423, 'FETCH_PUBLISH_GROUPS');

insert into permissions (id, permission) values (424, 'APPLY_FOR_OPEN_OFFER');
insert into permissions (id, permission) values (450, 'PROCESS_STUDENT');
insert into permissions (id, permission) values (451, 'FETCH_STUDENTS');
insert into permissions (id, permission) values (452, 'PROCESS_STUDENT_APPLICATION');
insert into permissions (id, permission) values (453, 'FETCH_STUDENT_APPLICATION');

-- =============================================================================
-- Linking the Permissions to both Roles & GroupTypes, so when we do perform a
-- lookup of a user who wishes to perform a given action against some data - all
-- we have to do, is compare the overlap of these two sets of data (Permissions
-- for GroupTypes, and Permissions for Roles), then we'll have the answer
-- =============================================================================

-- Permission 100 - Fetch Countries
--   -> GroupTypes: 0 Administration
--                  2 Member
--                  3 International
--                  4 National
--                  5 Local
--                  6 WorkGroup
--                  7 Students
--   -> Roles:      1 Owner
--                  2 Moderator
--                  3 Member
--                  4 Guest
--                  5 Student
insert into permission_to_grouptype (grouptype_id, permission_id) values (0, 100);
insert into permission_to_grouptype (grouptype_id, permission_id) values (2, 100);
insert into permission_to_grouptype (grouptype_id, permission_id) values (3, 100);
insert into permission_to_grouptype (grouptype_id, permission_id) values (4, 100);
insert into permission_to_grouptype (grouptype_id, permission_id) values (5, 100);
insert into permission_to_grouptype (grouptype_id, permission_id) values (6, 100);
insert into permission_to_grouptype (grouptype_id, permission_id) values (7, 100);
insert into permission_to_role (role_id, permission_id) values (1, 100);
insert into permission_to_role (role_id, permission_id) values (2, 100);
insert into permission_to_role (role_id, permission_id) values (3, 100);
insert into permission_to_role (role_id, permission_id) values (4, 100);
insert into permission_to_role (role_id, permission_id) values (5, 100);

-- Permission 101 - Process Country
--   -> GroupTypes: 0 Administration
--   -> Roles:      1 Owner
--                  2 Moderator
insert into permission_to_grouptype (grouptype_id, permission_id) values (0, 101);
insert into permission_to_role (role_id, permission_id) values (1, 101);
insert into permission_to_role (role_id, permission_id) values (2, 101);

-- Permission 102 - Process Committee
--   -> GroupTypes: 0 Administration
--   -> Roles:      1 Owner
--                  2 Moderator
insert into permission_to_grouptype (grouptype_id, permission_id) values (0, 102);
insert into permission_to_role (role_id, permission_id) values (1, 102);
insert into permission_to_role (role_id, permission_id) values (2, 102);

-- Permission 103 - Process Country
--   -> GroupTypes: 0 Administration
--   -> Roles:      1 Owner
--                  2 Moderator
insert into permission_to_grouptype (grouptype_id, permission_id) values (0, 103);
insert into permission_to_role (role_id, permission_id) values (1, 103);
insert into permission_to_role (role_id, permission_id) values (2, 103);

-- Permission 150 - Fetch Survey of Countries
--   -> GroupTypes: 0 Administration
--                  3 International
--                  4 National
--   -> Roles:      1 Owner
--                  2 Moderator
insert into permission_to_grouptype (grouptype_id, permission_id) values (0, 150);
insert into permission_to_grouptype (grouptype_id, permission_id) values (3, 150);
insert into permission_to_grouptype (grouptype_id, permission_id) values (4, 150);
insert into permission_to_role (role_id, permission_id) values (1, 150);
insert into permission_to_role (role_id, permission_id) values (2, 150);

-- Permission 151 - Process Survey of Countries
--   -> GroupTypes: 4 National
--   -> Roles:      1 Owner
--                  2 Moderator
insert into permission_to_grouptype (grouptype_id, permission_id) values (4, 151);
insert into permission_to_role (role_id, permission_id) values (1, 151);
insert into permission_to_role (role_id, permission_id) values (2, 151);

-- Permission 200 - Control User Account
--   -> GroupTypes: 0 Administration
--                  2 Member
--   -> Roles:      1 Owner
--                  2 Moderator
insert into permission_to_grouptype (grouptype_id, permission_id) values (0, 200);
insert into permission_to_grouptype (grouptype_id, permission_id) values (2, 200);
insert into permission_to_role (role_id, permission_id) values (1, 200);
insert into permission_to_role (role_id, permission_id) values (2, 200);

-- Permission: 201 - Fetch Users
--   -> GroupTypes: All except Private & Student
--   -> Roles:      1 Owner
--                  2 Moderator
--                  3 Member
insert into permission_to_grouptype (grouptype_id, permission_id) values (0, 201);
insert into permission_to_grouptype (grouptype_id, permission_id) values (2, 201);
insert into permission_to_grouptype (grouptype_id, permission_id) values (3, 201);
insert into permission_to_grouptype (grouptype_id, permission_id) values (4, 201);
insert into permission_to_grouptype (grouptype_id, permission_id) values (5, 201);
insert into permission_to_grouptype (grouptype_id, permission_id) values (6, 201);
insert into permission_to_role (role_id, permission_id) values (1, 201);
insert into permission_to_role (role_id, permission_id) values (2, 201);
insert into permission_to_role (role_id, permission_id) values (3, 201);

-- Permission 202 - Change Account Name
--   -> GroupTypes: 0 Administration
--   -> Roles:      1 Owner
--                  2 Moderator
insert into permission_to_grouptype (grouptype_id, permission_id) values (0, 202);
insert into permission_to_role (role_id, permission_id) values (1, 202);
insert into permission_to_role (role_id, permission_id) values (2, 202);

-- Permission: 210 - Process Group
--   -> GroupTypes: All except Private & Student
--   -> Roles:      1 Owner
--                  2 Moderator
insert into permission_to_grouptype (grouptype_id, permission_id) values (0, 210);
insert into permission_to_grouptype (grouptype_id, permission_id) values (2, 210);
insert into permission_to_grouptype (grouptype_id, permission_id) values (3, 210);
insert into permission_to_grouptype (grouptype_id, permission_id) values (4, 210);
insert into permission_to_grouptype (grouptype_id, permission_id) values (5, 210);
insert into permission_to_grouptype (grouptype_id, permission_id) values (6, 210);
insert into permission_to_role (role_id, permission_id) values (1, 210);
insert into permission_to_role (role_id, permission_id) values (2, 210);

-- Permission: 211 - Change Group Owner
--   -> GroupTypes: All except Private
--   -> Roles:      1 Owner
insert into permission_to_grouptype (grouptype_id, permission_id) values (0, 211);
insert into permission_to_grouptype (grouptype_id, permission_id) values (2, 211);
insert into permission_to_grouptype (grouptype_id, permission_id) values (3, 211);
insert into permission_to_grouptype (grouptype_id, permission_id) values (4, 211);
insert into permission_to_grouptype (grouptype_id, permission_id) values (5, 211);
insert into permission_to_grouptype (grouptype_id, permission_id) values (6, 211);
insert into permission_to_grouptype (grouptype_id, permission_id) values (7, 211);
insert into permission_to_role (role_id, permission_id) values (1, 211);

-- Permission: 212 - Delete Group
--   -> GroupTypes: All except Private, Work Group & Students
--   - Roles:       1 Owner
--                  2 Moderator
insert into permission_to_grouptype (grouptype_id, permission_id) values (0, 212);
insert into permission_to_grouptype (grouptype_id, permission_id) values (2, 212);
insert into permission_to_grouptype (grouptype_id, permission_id) values (3, 212);
insert into permission_to_grouptype (grouptype_id, permission_id) values (4, 212);
insert into permission_to_grouptype (grouptype_id, permission_id) values (5, 212);
insert into permission_to_role (role_id, permission_id) values (1, 212);
insert into permission_to_role (role_id, permission_id) values (2, 212);

-- Permission: 213 - Process User Group Assignment
--   -> GroupTypes: All except Private
--   -> Roles:      1 Owner
--                  2 Moderator
insert into permission_to_grouptype (grouptype_id, permission_id) values (0, 213);
insert into permission_to_grouptype (grouptype_id, permission_id) values (2, 213);
insert into permission_to_grouptype (grouptype_id, permission_id) values (3, 213);
insert into permission_to_grouptype (grouptype_id, permission_id) values (4, 213);
insert into permission_to_grouptype (grouptype_id, permission_id) values (5, 213);
insert into permission_to_grouptype (grouptype_id, permission_id) values (6, 213);
insert into permission_to_grouptype (grouptype_id, permission_id) values (7, 213);
insert into permission_to_role (role_id, permission_id) values (1, 213);
insert into permission_to_role (role_id, permission_id) values (2, 213);

-- Permission: 220 - Fetch NC's List
--   -> GroupTypes: 0 Administration
--                  4 National
--   -> Roles:      1 Owner
--                  2 Moderator
insert into permission_to_grouptype (grouptype_id, permission_id) values (0, 220);
insert into permission_to_grouptype (grouptype_id, permission_id) values (4, 220);
insert into permission_to_role (role_id, permission_id) values (1, 220);
insert into permission_to_role (role_id, permission_id) values (2, 220);

-- Permission 230 - Create Student Account
--   -> GroupTypes: 4 National
--   -> Roles:      1 Owner
--                  2 Moderator
--                  3 Member
insert into permission_to_grouptype (grouptype_id, permission_id) values (4, 230);
insert into permission_to_role (role_id, permission_id) values (1, 230);
insert into permission_to_role (role_id, permission_id) values (2, 230);
insert into permission_to_role (role_id, permission_id) values (3, 230);

-- Permission: 300 - Process File
--   -> GroupTypes: All
--   -> Roles:      1 Owner
--                  2 Moderator
--                  3 Member
--                  5 Student
insert into permission_to_grouptype (grouptype_id, permission_id) values (0, 300);
insert into permission_to_grouptype (grouptype_id, permission_id) values (1, 300);
insert into permission_to_grouptype (grouptype_id, permission_id) values (2, 300);
insert into permission_to_grouptype (grouptype_id, permission_id) values (3, 300);
insert into permission_to_grouptype (grouptype_id, permission_id) values (4, 300);
insert into permission_to_grouptype (grouptype_id, permission_id) values (5, 300);
insert into permission_to_grouptype (grouptype_id, permission_id) values (6, 300);
insert into permission_to_grouptype (grouptype_id, permission_id) values (7, 300);
insert into permission_to_role (role_id, permission_id) values (1, 300);
insert into permission_to_role (role_id, permission_id) values (2, 300);
insert into permission_to_role (role_id, permission_id) values (3, 300);
insert into permission_to_role (role_id, permission_id) values (5, 300);

-- Permission: 301 - Fetch File
--   -> GroupTypes: All
--   -> Roles:      1 Owner
--                  2 Moderator
--                  3 Member
--                  5 Student
insert into permission_to_grouptype (grouptype_id, permission_id) values (0, 301);
insert into permission_to_grouptype (grouptype_id, permission_id) values (1, 301);
insert into permission_to_grouptype (grouptype_id, permission_id) values (2, 301);
insert into permission_to_grouptype (grouptype_id, permission_id) values (3, 301);
insert into permission_to_grouptype (grouptype_id, permission_id) values (4, 301);
insert into permission_to_grouptype (grouptype_id, permission_id) values (5, 301);
insert into permission_to_grouptype (grouptype_id, permission_id) values (6, 301);
insert into permission_to_grouptype (grouptype_id, permission_id) values (7, 301);
insert into permission_to_role (role_id, permission_id) values (1, 301);
insert into permission_to_role (role_id, permission_id) values (2, 301);
insert into permission_to_role (role_id, permission_id) values (3, 301);
insert into permission_to_role (role_id, permission_id) values (5, 301);

-- Permission: 400 - Fetch Offer Statistics
--   -> GroupTypes: 4 National
--                  5 Local
--   -> Roles:      1 Owner
--                  2 Moderator
--                  3 Member
--                  4 Guest
insert into permission_to_grouptype (grouptype_id, permission_id) values (4, 400);
insert into permission_to_grouptype (grouptype_id, permission_id) values (5, 400);
insert into permission_to_role (role_id, permission_id) values (1, 400);
insert into permission_to_role (role_id, permission_id) values (2, 400);
insert into permission_to_role (role_id, permission_id) values (3, 400);
insert into permission_to_role (role_id, permission_id) values (4, 400);

-- Permission: 410 - Process Employer
--   -> GroupTypes: 4 National
--                  5 Local
--   -> Roles:      1 Owner
--                  2 Moderator
--                  3 Member
insert into permission_to_grouptype (grouptype_id, permission_id) values (4, 410);
insert into permission_to_grouptype (grouptype_id, permission_id) values (5, 410);
insert into permission_to_role (role_id, permission_id) values (1, 410);
insert into permission_to_role (role_id, permission_id) values (2, 410);
insert into permission_to_role (role_id, permission_id) values (3, 410);

-- Permission: 411 - Fetch Employers
--   -> GroupTypes: 4 National
--                  5 Local
--   -> Roles:      1 Owner
--                  2 Moderator
--                  3 Member
insert into permission_to_grouptype (grouptype_id, permission_id) values (4, 411);
insert into permission_to_grouptype (grouptype_id, permission_id) values (5, 411);
insert into permission_to_role (role_id, permission_id) values (1, 411);
insert into permission_to_role (role_id, permission_id) values (2, 411);
insert into permission_to_role (role_id, permission_id) values (3, 411);

-- Permission: 412 - Process Offer
--   -> GroupTypes: 4 National
--                  5 Local
--   -> Roles:      1 Owner
--                  2 Moderator
--                  3 Member
insert into permission_to_grouptype (grouptype_id, permission_id) values (4, 412);
insert into permission_to_grouptype (grouptype_id, permission_id) values (5, 412);
insert into permission_to_role (role_id, permission_id) values (1, 412);
insert into permission_to_role (role_id, permission_id) values (2, 412);
insert into permission_to_role (role_id, permission_id) values (3, 412);

-- Permission: 413 - Fetch Offers
--   -> GroupTypes: 4 National
--                  5 Local
--   -> Roles:      1 Owner
--                  2 Moderator
--                  3 Member
insert into permission_to_grouptype (grouptype_id, permission_id) values (4, 413);
insert into permission_to_grouptype (grouptype_id, permission_id) values (5, 413);
insert into permission_to_role (role_id, permission_id) values (1, 413);
insert into permission_to_role (role_id, permission_id) values (2, 413);
insert into permission_to_role (role_id, permission_id) values (3, 413);

-- Permission: 414 - Fetch Groups for Sharing
--   -> GroupTypes: 4 National
--                  5 Local
--   -> Roles:      1 Owner
--                  2 Moderator
--                  3 Member
insert into permission_to_grouptype (grouptype_id, permission_id) values (4, 414);
insert into permission_to_grouptype (grouptype_id, permission_id) values (5, 414);
insert into permission_to_role (role_id, permission_id) values (1, 414);
insert into permission_to_role (role_id, permission_id) values (2, 414);
insert into permission_to_role (role_id, permission_id) values (3, 414);

-- Permission: 420 - Process Offer Templates
--   -> GroupTypes: 4 National
--                  5 Local
--   -> Roles:      1 Owner
--                  2 Moderator
--                  3 Member
insert into permission_to_grouptype (grouptype_id, permission_id) values (4, 420);
insert into permission_to_grouptype (grouptype_id, permission_id) values (5, 420);
insert into permission_to_role (role_id, permission_id) values (1, 420);
insert into permission_to_role (role_id, permission_id) values (2, 420);
insert into permission_to_role (role_id, permission_id) values (3, 420);

-- Permission: 421 - Fetch Offer Templates
--   -> GroupTypes: 4 National
--                  5 Local
--   -> Roles:      1 Owner
--                  2 Moderator
--                  3 Member
insert into permission_to_grouptype (grouptype_id, permission_id) values (4, 421);
insert into permission_to_grouptype (grouptype_id, permission_id) values (5, 421);
insert into permission_to_role (role_id, permission_id) values (1, 421);
insert into permission_to_role (role_id, permission_id) values (2, 421);
insert into permission_to_role (role_id, permission_id) values (3, 421);

-- Permission: 422 - Process Publish Offer
--   -> GroupTypes: 4 National
--                  5 Local
--   -> Roles:      1 Owner
--                  2 Moderator
--                  3 Member
insert into permission_to_grouptype (grouptype_id, permission_id) values (4, 422);
insert into permission_to_grouptype (grouptype_id, permission_id) values (5, 422);
insert into permission_to_role (role_id, permission_id) values (1, 422);
insert into permission_to_role (role_id, permission_id) values (2, 422);
insert into permission_to_role (role_id, permission_id) values (3, 422);

-- Permission: 423 - Fetch Publish Offer
--   -> GroupTypes: 4 National
--                  5 Local
--   -> Roles:      1 Owner
--                  2 Moderator
--                  3 Member
insert into permission_to_grouptype (grouptype_id, permission_id) values (4, 423);
insert into permission_to_grouptype (grouptype_id, permission_id) values (5, 423);
insert into permission_to_role (role_id, permission_id) values (1, 423);
insert into permission_to_role (role_id, permission_id) values (2, 423);
insert into permission_to_role (role_id, permission_id) values (3, 423);

-- Permission: 424 - Apply For Open Offer
--   -> GroupTypes: 7 Student
--   -> Roles:      5 Student
insert into permission_to_grouptype (grouptype_id, permission_id) values (7, 424);
insert into permission_to_role (role_id, permission_id) values (5, 424);

-- Permission: 450 - Process Student
--   -> GroupTypes: 4 National
--   -> Roles:      1 Owner
--                  2 Moderator
--                  3 Member
insert into permission_to_grouptype (grouptype_id, permission_id) values (4, 450);
insert into permission_to_role (role_id, permission_id) values (1, 450);
insert into permission_to_role (role_id, permission_id) values (2, 450);
insert into permission_to_role (role_id, permission_id) values (3, 450);

-- Permission: 451 - Fetch Students
--   -> GroupTypes: 4 National
--   -> Roles:      1 Owner
--                  2 Moderator
--                  3 Member
insert into permission_to_grouptype (grouptype_id, permission_id) values (4, 451);
insert into permission_to_role (role_id, permission_id) values (1, 451);
insert into permission_to_role (role_id, permission_id) values (2, 451);
insert into permission_to_role (role_id, permission_id) values (3, 451);

-- Permission: 452 - Process Student Application
--   -> GroupTypes: 4 National
--                  5 Local
--   -> Roles:      1 Owner
--                  2 Moderator
insert into permission_to_grouptype (grouptype_id, permission_id) values (4, 452);
insert into permission_to_grouptype (grouptype_id, permission_id) values (5, 452);
insert into permission_to_role (role_id, permission_id) values (1, 452);
insert into permission_to_role (role_id, permission_id) values (2, 452);
insert into permission_to_role (role_id, permission_id) values (3, 452);

-- Permission: 453 - Fetch Student Application
--   -> GroupTypes: 4 National
--                  5 Local
--   -> Roles:      1 Owner
--                  2 Moderator
insert into permission_to_grouptype (grouptype_id, permission_id) values (4, 453);
insert into permission_to_grouptype (grouptype_id, permission_id) values (5, 453);
insert into permission_to_role (role_id, permission_id) values (1, 453);
insert into permission_to_role (role_id, permission_id) values (2, 453);
insert into permission_to_role (role_id, permission_id) values (3, 453);


-- =============================================================================
-- Complete update with replacing the views
-- =============================================================================
drop view application_view;
drop view country_details;
drop view domestic_offer_statistics;
drop view employer_view;
drop view file_attachments;
drop view find_active_sessions;
drop view find_inactive_sessions;
drop view find_not_activated_accounts;
drop view find_shared_to_groups;
drop view foreign_offer_statistics;
drop view group_permissions;
drop view notification_job_task_details;
drop view offer_view;
drop view shared_offer_view;
drop view student_view;
drop view user_permissions;
drop view view_user_group;
drop view view_users;

\ir ../15-base-views.sql
\ir ../35-exchange-views.sql
